Timestamp,Sector,Organisation_Size,Fleet_Size,Monthly_Fuel_Spend NGN,Fuel_Theft_Incidents,Fuel_pct_of_Budget,Monthly_Fuel_Transactions,Payment_Method,Digital_Tracking_Usage,Satisfaction_1_5,Hours_Week_on_Reconciliation,Smart_Card_Adoption,Cost_Savings_pct,Fuel_Spend_Trend,Digital_Tool_Start_Date,Role,State,Years_Managing_Fleet,Adoption_Barrier,Annual_Fuel_Spend_NGN
4/29/2026 01:04:00,LOGISTICS/TRANSPORT,11 - 50 EMPLOYEES,100 +,"£11,365,223.00",3,46,187,MIX OF CASH AND CARD,PLANNING TO,5,2,ALREADY USING IT,11,STAYED THE SAME,not applicable ,Fleet Manager,Kaduna,6,TRUST AND SECURITY,136113228
4/29/2026 02:41:00,LOGISTICS/TRANSPORT,51 - 200 EMPLOYEES,100 +,"£16,864,824.00",2,43,215,FUEL CARD ONLY,NO,1,18,YES I WOULD,0,INCREASED,not applicable ,Fleet Manager,Kano,8,NO PERCEIVED NEED,202598282
4/29/2026 03:09:00,PUBLIC SECTOR,51 - 200 EMPLOYEES,6 - 20,"£10,733,559.00",1,53,87,MIX OF CASH AND CARD,YES,4,6,YES I WOULD,0,INCREASED,Oct 2023,Finance Manager,Delta,2,NO PERCEIVED NEED,128500755
4/29/2026 03:26:00,CONSTRUCTION,51 - 200 EMPLOYEES,21 - 50,"£6,483,403.00",1,49,127,FUEL CARD ONLY,NO,5,22,NO I WOULD NOT,0,INCREASED,not applicable ,OPERATIONS MANAGER,Lagos,5,NO PERCEIVED NEED,77356588
4/29/2026 06:31:00,Other,200 +,51 - 100,"£16,150,194.00",3,58,393,MIX OF CASH AND CARD,YES,2,12,YES I WOULD,0,STAYED THE SAME,Oct 2023,Finance Manager,Rivers,1,TRUST AND SECURITY,194090998
4/29/2026 07:46:00,CONSTRUCTION,1 - 10 EMPLOYEES,51 - 100,"£20,026,222.00",2,25,355,MIX OF CASH AND CARD,YES,1,24,NOT SURE,0,STAYED THE SAME,Jun 2022,OPERATIONS MANAGER,Kano,10,NO PERCEIVED NEED,240403214
4/29/2026 08:22:00,PUBLIC SECTOR,11 - 50 EMPLOYEES,21 - 50,"£7,666,744.00",0,32,96,CASH ONLY,YES,3,11,YES I WOULD,0,STAYED THE SAME,Mar 2025,Fleet Manager,Lagos,6,NO PERCEIVED NEED,91787213
4/29/2026 12:49:00,CONSTRUCTION,11 - 50 EMPLOYEES,51 - 100,"£23,174,004.00",1,62,372,COMPANY ACCOUNT/ CREDIT,YES,3,11,YES I WOULD,0,INCREASED,Feb 2025,CEO/DIRECTOR,Lagos,1,COST,278156865
4/29/2026 12:55:00,OIL AND GAS,200 +,100 +,"£18,893,882.00",1,47,176,MIX OF CASH AND CARD,NO,2,14,YES I WOULD,0,INCREASED,not applicable ,Fleet Manager,Kaduna,2,NO PERCEIVED NEED,226637848
4/29/2026 14:20:00,OIL AND GAS,200 +,21 - 50,"£6,741,688.00",0,63,25,MIX OF CASH AND CARD,NO,3,2,NOT SURE,0,INCREASED,not applicable ,OPERATIONS MANAGER,Delta,2,COST,80826606
4/29/2026 14:23:00,OIL AND GAS,11 - 50 EMPLOYEES,6 - 20,"£2,799,407.00",3,27,69,CASH ONLY,YES,4,6,YES I WOULD,0,DECREASED,Feb 2023,CEO/DIRECTOR,Oyo,13,NO PERCEIVED NEED,33139552
4/29/2026 14:38:00,OIL AND GAS,51 - 200 EMPLOYEES,51 - 100,"£11,207,777.00",1,35,204,MIX OF CASH AND CARD,NO,5,22,YES I WOULD,0,INCREASED,not applicable ,Finance Manager,Rivers,10,LACK OF AWARENESS,134796158
4/29/2026 16:35:00,OIL AND GAS,51 - 200 EMPLOYEES,51 - 100,"£17,795,728.00",3,32,330,FUEL CARD ONLY,NO,1,16,ALREADY USING IT,13,INCREASED,not applicable ,Fleet Manager,Kaduna,8,LACK OF AWARENESS,213516646
4/29/2026 16:56:00,OIL AND GAS,11 - 50 EMPLOYEES,6 - 20,"£13,543,572.00",0,41,218,MIX OF CASH AND CARD,NO,3,13,YES I WOULD,0,INCREASED,not applicable ,Finance Manager,Ogun,14,NO PERCEIVED NEED,162691333
4/29/2026 17:01:00,LOGISTICS/TRANSPORT,51 - 200 EMPLOYEES,1 - 5,"£11,882,622.00",2,38,101,MIX OF CASH AND CARD,NO,1,14,ALREADY USING IT,8,INCREASED,not applicable ,CEO/DIRECTOR,Abuja,12,COST,142691309
4/29/2026 17:08:00,LOGISTICS/TRANSPORT,11 - 50 EMPLOYEES,21 - 50,"£12,521,906.00",1,40,333,COMPANY ACCOUNT/ CREDIT,NO,3,15,NO I WOULD NOT,0,STAYED THE SAME,not applicable ,Finance Manager,Kano,6,NO PERCEIVED NEED,150308652
4/29/2026 19:44:00,OIL AND GAS,51 - 200 EMPLOYEES,21 - 50,"£18,808,844.00",2,23,185,COMPANY ACCOUNT/ CREDIT,NO,5,21,YES I WOULD,0,STAYED THE SAME,not applicable ,CEO/DIRECTOR,Kaduna,6,TRUST AND SECURITY,225631355
4/29/2026 21:07:00,Other,11 - 50 EMPLOYEES,1 - 5,"£6,242,495.00",2,27,254,CASH ONLY,YES,1,12,NOT SURE,0,DECREASED,May 2023,OPERATIONS MANAGER,Kano,13,COST,74777421
4/30/2026 00:44:00,Other,11 - 50 EMPLOYEES,100 +,"£8,258,930.00",1,40,20,MIX OF CASH AND CARD,NO,5,11,YES I WOULD,0,INCREASED,not applicable ,Fleet Manager,Kano,7,NO PERCEIVED NEED,99304980
4/30/2026 01:28:00,OIL AND GAS,200 +,1 - 5,"£13,634,724.00",3,58,110,MIX OF CASH AND CARD,NO,1,23,YES I WOULD,0,INCREASED,not applicable ,Fleet Manager,Kaduna,13,TRUST AND SECURITY,163307444
4/30/2026 02:25:00,OIL AND GAS,1 - 10 EMPLOYEES,100 +,"£22,626,588.00",3,69,109,COMPANY ACCOUNT/ CREDIT,NO,4,7,NO I WOULD NOT,0,INCREASED,not applicable ,CEO/DIRECTOR,Lagos,7,LACK OF AWARENESS,271430714
4/30/2026 04:05:00,LOGISTICS/TRANSPORT,11 - 50 EMPLOYEES,51 - 100,"£2,354,377.00",1,66,342,MIX OF CASH AND CARD,NO,2,9,NO I WOULD NOT,0,STAYED THE SAME,not applicable ,Fleet Manager,Kano,12,COST,27928347
4/30/2026 07:39:00,LOGISTICS/TRANSPORT,1 - 10 EMPLOYEES,21 - 50,"£5,143,588.00",3,66,327,MIX OF CASH AND CARD,PLANNING TO,5,23,ALREADY USING IT,19,INCREASED,not applicable ,Fleet Manager,Abuja,14,NO PERCEIVED NEED,61974518
4/30/2026 09:47:00,OIL AND GAS,51 - 200 EMPLOYEES,6 - 20,"£24,590,386.00",5,51,78,MIX OF CASH AND CARD,NO,1,9,YES I WOULD,0,INCREASED,not applicable ,Fleet Manager,Kaduna,13,COST,294746524
4/30/2026 10:07:00,LOGISTICS/TRANSPORT,51 - 200 EMPLOYEES,1 - 5,"£11,842,486.00",2,68,75,COMPANY ACCOUNT/ CREDIT,PLANNING TO,3,16,NOT SURE,0,STAYED THE SAME,not applicable ,CEO/DIRECTOR,Ogun,10,NO PERCEIVED NEED,142238506
4/30/2026 10:22:00,Other,200 +,100 +,"£2,795,441.00",1,66,293,MIX OF CASH AND CARD,PLANNING TO,1,21,NOT SURE,0,INCREASED,not applicable ,Fleet Manager,Kano,4,NO PERCEIVED NEED,33447600
4/30/2026 16:33:00,MANUFACTURING,1 - 10 EMPLOYEES,51 - 100,"£5,016,598.00",2,63,72,CASH ONLY,NO,1,5,NO I WOULD NOT,0,INCREASED,not applicable ,Fleet Manager,Oyo,8,COST,60369912
4/30/2026 16:54:00,PUBLIC SECTOR,51 - 200 EMPLOYEES,6 - 20,"£22,785,613.00",2,67,238,COMPANY ACCOUNT/ CREDIT,PLANNING TO,4,14,ALREADY USING IT,5,INCREASED,not applicable ,Finance Manager,Ogun,6,TRUST AND SECURITY,273842473
4/30/2026 18:38:00,LOGISTICS/TRANSPORT,51 - 200 EMPLOYEES,21 - 50,"£14,690,518.00",4,61,311,COMPANY ACCOUNT/ CREDIT,YES,5,21,NOT SURE,0,INCREASED,Apr 2025,Fleet Manager,Kano,12,TRUST AND SECURITY,175907113
4/30/2026 18:48:00,OIL AND GAS,200 +,51 - 100,"£14,607,626.00",2,31,51,MIX OF CASH AND CARD,PLANNING TO,3,11,ALREADY USING IT,6,STAYED THE SAME,not applicable ,Finance Manager,Delta,12,LACK OF AWARENESS,175735479
4/30/2026 19:32:00,LOGISTICS/TRANSPORT,11 - 50 EMPLOYEES,6 - 20,"£13,918,213.00",2,42,258,MIX OF CASH AND CARD,YES,1,19,YES I WOULD,0,INCREASED,Jan 2025,OPERATIONS MANAGER,Ogun,11,NO PERCEIVED NEED,166611502
4/30/2026 20:55:00,OIL AND GAS,200 +,6 - 20,"£21,214,741.00",3,48,222,MIX OF CASH AND CARD,NO,2,2,NOT SURE,0,STAYED THE SAME,not applicable ,CEO/DIRECTOR,Delta,11,NO PERCEIVED NEED,254422890
4/30/2026 21:31:00,LOGISTICS/TRANSPORT,200 +,100 +,"£1,411,000.00",3,68,344,MIX OF CASH AND CARD,YES,1,7,NOT SURE,0,STAYED THE SAME,Nov 2022,OPERATIONS MANAGER,Rivers,14,NO PERCEIVED NEED,17399975
4/30/2026 21:34:00,LOGISTICS/TRANSPORT,11 - 50 EMPLOYEES,1 - 5,"£11,844,768.00",1,38,132,CASH ONLY,NO,3,18,YES I WOULD,0,STAYED THE SAME,not applicable ,OPERATIONS MANAGER,Abuja,14,COST,142346726
4/30/2026 21:47:00,OIL AND GAS,51 - 200 EMPLOYEES,51 - 100,"£18,873,417.00",3,66,307,CASH ONLY,PLANNING TO,4,5,NOT SURE,0,INCREASED,not applicable ,OPERATIONS MANAGER,Lagos state ,7,LACK OF AWARENESS,226050834
4/30/2026 22:30:00,LOGISTICS/TRANSPORT,11 - 50 EMPLOYEES,6 - 20,"£17,112,196.00",2,42,358,MIX OF CASH AND CARD,PLANNING TO,2,9,ALREADY USING IT,23,INCREASED,not applicable ,Fleet Manager,Delta state ,14,LACK OF AWARENESS,205633881
5/1/2026 02:05:00,LOGISTICS/TRANSPORT,1 - 10 EMPLOYEES,1 - 5,"£19,515,118.00",0,55,39,MIX OF CASH AND CARD,NO,1,8,NO I WOULD NOT,0,INCREASED,not applicable ,Fleet Manager,Delta,12,COST,234651798
5/1/2026 03:13:00,LOGISTICS/TRANSPORT,51 - 200 EMPLOYEES,51 - 100,"£10,658,222.00",4,65,364,MIX OF CASH AND CARD,YES,2,0,NOT SURE,0,INCREASED,Apr 2025,CEO/DIRECTOR,Abuja,11,NO PERCEIVED NEED,127491058
5/1/2026 03:39:00,OIL AND GAS,11 - 50 EMPLOYEES,6 - 20,"£17,967,339.00",2,36,243,CASH ONLY,NO,4,14,YES I WOULD,0,STAYED THE SAME,not applicable ,Fleet Manager,Delta,3,TRUST AND SECURITY,215157929
5/1/2026 03:44:00,LOGISTICS/TRANSPORT,51 - 200 EMPLOYEES,6 - 20,"£17,637,032.00",0,38,245,COMPANY ACCOUNT/ CREDIT,PLANNING TO,2,8,YES I WOULD,0,INCREASED,not applicable ,OPERATIONS MANAGER,Abuja,14,COST,212068883
5/1/2026 04:32:00,LOGISTICS/TRANSPORT,1 - 10 EMPLOYEES,21 - 50,"£5,991,368.00",4,48,150,FUEL CARD ONLY,NO,2,0,YES I WOULD,0,STAYED THE SAME,not applicable ,Fleet Manager,Kaduna,14,LACK OF AWARENESS,71685135
5/1/2026 08:25:00,Other,11 - 50 EMPLOYEES,6 - 20,"£20,184,662.00",3,36,193,CASH ONLY,NO,5,16,NO I WOULD NOT,0,INCREASED,not applicable ,OPERATIONS MANAGER,Kano,5,TRUST AND SECURITY,242338518
5/1/2026 11:16:00,Other,11 - 50 EMPLOYEES,6 - 20,"£20,783,117.00",3,24,323,MIX OF CASH AND CARD,NO,4,0,YES I WOULD,0,INCREASED,not applicable ,Fleet Manager,Delta,3,LACK OF AWARENESS,249456260
5/1/2026 11:21:00,Other,11 - 50 EMPLOYEES,51 - 100,"£21,061,344.00",3,41,196,FUEL CARD ONLY,PLANNING TO,3,21,YES I WOULD,0,INCREASED,not applicable ,CEO/DIRECTOR,ABIA ,4,LACK OF AWARENESS,252915657
5/1/2026 16:00:00,CONSTRUCTION,1 - 10 EMPLOYEES,6 - 20,"£4,445,287.00",2,38,307,COMPANY ACCOUNT/ CREDIT,NO,3,6,YES I WOULD,0,INCREASED,not applicable ,Finance Manager,Ogun,1,COST,53463124
5/1/2026 16:03:00,LOGISTICS/TRANSPORT,11 - 50 EMPLOYEES,6 - 20,"£21,320,976.00",4,37,42,MIX OF CASH AND CARD,YES,4,15,NO I WOULD NOT,0,DECREASED,Oct 2022,Fleet Manager,Oyo,5,LACK OF AWARENESS,256070151
5/1/2026 16:50:00,PUBLIC SECTOR,11 - 50 EMPLOYEES,21 - 50,"£7,210,373.00",0,28,241,MIX OF CASH AND CARD,NO,1,9,YES I WOULD,0,INCREASED,not applicable ,Finance Manager,Kano state ,10,TRUST AND SECURITY,86931623
5/1/2026 17:43:00,LOGISTICS/TRANSPORT,1 - 10 EMPLOYEES,6 - 20,"£20,734,342.00",1,65,173,MIX OF CASH AND CARD,YES,1,8,NO I WOULD NOT,0,DECREASED,Jul 2023,Fleet Manager,Lagos,9,COST,248900662
5/1/2026 23:37:00,PUBLIC SECTOR,51 - 200 EMPLOYEES,6 - 20,"£22,735,552.00",2,60,334,FUEL CARD ONLY,NO,2,11,NOT SURE,0,INCREASED,not applicable ,CEO/DIRECTOR,Lagos,13,TRUST AND SECURITY,272786536
5/2/2026 01:46:00,MANUFACTURING,1 - 10 EMPLOYEES,51 - 100,"£23,466,197.00",5,53,81,CASH ONLY,YES,1,0,YES I WOULD,0,INCREASED,Jul 2023,CEO/DIRECTOR,Kano,7,NO PERCEIVED NEED,281578722
5/2/2026 02:48:00,LOGISTICS/TRANSPORT,11 - 50 EMPLOYEES,100 +,"£16,159,024.00",3,21,177,MIX OF CASH AND CARD,PLANNING TO,5,16,YES I WOULD,0,INCREASED,not applicable ,OPERATIONS MANAGER,Lagos,13,TRUST AND SECURITY,194009301
5/2/2026 03:55:00,LOGISTICS/TRANSPORT,11 - 50 EMPLOYEES,21 - 50,"£24,254,539.00",2,22,373,MIX OF CASH AND CARD,YES,3,19,NOT SURE,0,INCREASED,Sep 2023,CEO/DIRECTOR,Oyo,5,LACK OF AWARENESS,291518766
5/2/2026 05:38:00,MANUFACTURING,200 +,21 - 50,"£15,513,125.00",3,22,105,FUEL CARD ONLY,YES,2,5,YES I WOULD,0,INCREASED,Aug 2024,Finance Manager,Delta,8,TRUST AND SECURITY,186144071
5/2/2026 08:59:00,MANUFACTURING,51 - 200 EMPLOYEES,51 - 100,"£6,053,762.00",2,44,232,CASH ONLY,YES,3,7,YES I WOULD,0,INCREASED,Jan 2022,CEO/DIRECTOR,Lagos,14,LACK OF AWARENESS,72366323
5/2/2026 09:27:00,CONSTRUCTION,11 - 50 EMPLOYEES,6 - 20,"£24,426,616.00",1,58,284,FUEL CARD ONLY,PLANNING TO,3,24,YES I WOULD,0,INCREASED,not applicable ,Fleet Manager,Delta,2,NO PERCEIVED NEED,293518213
5/2/2026 12:11:00,LOGISTICS/TRANSPORT,51 - 200 EMPLOYEES,6 - 20,"£17,792,395.00",1,66,40,COMPANY ACCOUNT/ CREDIT,NO,1,6,ALREADY USING IT,11,INCREASED,not applicable ,CEO/DIRECTOR,Kano,12,LACK OF AWARENESS,214004649
5/2/2026 12:16:00,PUBLIC SECTOR,51 - 200 EMPLOYEES,6 - 20,"£21,207,466.00",2,30,42,FUEL CARD ONLY,YES,5,5,YES I WOULD,0,STAYED THE SAME,May 2023,Finance Manager,Ogun,7,TRUST AND SECURITY,254253977
5/2/2026 13:16:00,OIL AND GAS,11 - 50 EMPLOYEES,6 - 20,"£18,317,411.00",3,29,46,CASH ONLY,NO,4,6,YES I WOULD,0,INCREASED,not applicable ,Fleet Manager,Kaduna,9,COST,219550333
5/2/2026 13:34:00,PUBLIC SECTOR,51 - 200 EMPLOYEES,21 - 50,"£4,338,002.00",1,55,276,FUEL CARD ONLY,YES,3,0,ALREADY USING IT,8,INCREASED,Nov 2022,OPERATIONS MANAGER,Ogun,2,TRUST AND SECURITY,51703865
5/2/2026 14:31:00,LOGISTICS/TRANSPORT,11 - 50 EMPLOYEES,51 - 100,"£4,177,160.00",0,23,93,MIX OF CASH AND CARD,PLANNING TO,2,17,YES I WOULD,0,INCREASED,not applicable ,Finance Manager,Lagos,11,NO PERCEIVED NEED,49980946
5/2/2026 15:38:00,LOGISTICS/TRANSPORT,51 - 200 EMPLOYEES,6 - 20,"£12,728,118.00",1,33,46,MIX OF CASH AND CARD,YES,4,18,YES I WOULD,0,INCREASED,Dec 2024,OPERATIONS MANAGER,Kaduna,7,COST,152795057
5/2/2026 15:56:00,Other,11 - 50 EMPLOYEES,21 - 50,"£20,274,571.00",4,22,379,MIX OF CASH AND CARD,YES,5,4,NO I WOULD NOT,0,INCREASED,Jul 2024,OPERATIONS MANAGER,Rivers,4,LACK OF AWARENESS,243160581
5/2/2026 16:31:00,OIL AND GAS,200 +,6 - 20,"£21,213,876.00",1,21,184,CASH ONLY,PLANNING TO,5,22,ALREADY USING IT,19,INCREASED,not applicable ,Finance Manager,Kano,6,TRUST AND SECURITY,254373467
5/2/2026 17:50:00,LOGISTICS/TRANSPORT,51 - 200 EMPLOYEES,100 +,"£4,998,986.00",3,44,135,CASH ONLY,NO,2,11,NOT SURE,0,STAYED THE SAME,not applicable ,OPERATIONS MANAGER,Oyo,4,NO PERCEIVED NEED,59494477
5/2/2026 17:53:00,LOGISTICS/TRANSPORT,1 - 10 EMPLOYEES,6 - 20,"£5,325,243.00",0,63,75,CASH ONLY,NO,4,21,YES I WOULD,0,INCREASED,not applicable ,CEO/DIRECTOR,Abuja,5,NO PERCEIVED NEED,63917664
5/2/2026 19:03:00,MANUFACTURING,51 - 200 EMPLOYEES,1 - 5,"£1,997,598.00",3,23,233,MIX OF CASH AND CARD,YES,2,19,ALREADY USING IT,14,INCREASED,Apr 2025,Fleet Manager,Rivers,11,NO PERCEIVED NEED,23780218
5/2/2026 19:26:00,LOGISTICS/TRANSPORT,1 - 10 EMPLOYEES,51 - 100,"£11,146,281.00",5,38,123,MIX OF CASH AND CARD,YES,3,20,NOT SURE,0,INCREASED,Jul 2022,Fleet Manager,PORT HARCOURT ,1,TRUST AND SECURITY,133363788
5/2/2026 20:58:00,Other,200 +,6 - 20,"£15,568,229.00",2,47,355,CASH ONLY,YES,4,24,ALREADY USING IT,11,DECREASED,Jul 2022,Fleet Manager,Lagos,14,LACK OF AWARENESS,186701722
5/2/2026 21:38:00,LOGISTICS/TRANSPORT,11 - 50 EMPLOYEES,1 - 5,"£7,578,691.00",1,60,301,COMPANY ACCOUNT/ CREDIT,PLANNING TO,2,21,NO I WOULD NOT,0,INCREASED,not applicable ,CEO/DIRECTOR,Delta,2,TRUST AND SECURITY,90766220
5/2/2026 22:35:00,LOGISTICS/TRANSPORT,200 +,1 - 5,"£10,456,680.00",2,44,115,CASH ONLY,YES,3,7,NOT SURE,0,INCREASED,Nov 2023,Fleet Manager,Oyo,14,LACK OF AWARENESS,125720842
5/2/2026 23:34:00,LOGISTICS/TRANSPORT,11 - 50 EMPLOYEES,21 - 50,"£6,230,097.00",0,48,305,MIX OF CASH AND CARD,YES,2,4,NOT SURE,0,STAYED THE SAME,Jun 2022,Fleet Manager,Ogun,4,TRUST AND SECURITY,74965899
5/3/2026 02:12:00,PUBLIC SECTOR,11 - 50 EMPLOYEES,21 - 50,"£13,882,246.00",1,20,50,MIX OF CASH AND CARD,NO,5,22,NOT SURE,0,INCREASED,not applicable ,CEO/DIRECTOR,Oyo,4,NO PERCEIVED NEED,166637676
5/3/2026 03:37:00,LOGISTICS/TRANSPORT,1 - 10 EMPLOYEES,6 - 20,"£6,917,191.00",4,56,94,MIX OF CASH AND CARD,NO,2,7,NOT SURE,0,DECREASED,not applicable ,CEO/DIRECTOR,Kano,4,TRUST AND SECURITY,82531798
5/3/2026 07:04:00,LOGISTICS/TRANSPORT,11 - 50 EMPLOYEES,51 - 100,"£11,906,957.00",2,44,96,FUEL CARD ONLY,PLANNING TO,2,7,NOT SURE,0,INCREASED,not applicable ,CEO/DIRECTOR,Lagos,14,LACK OF AWARENESS,142647778
5/3/2026 07:55:00,PUBLIC SECTOR,1 - 10 EMPLOYEES,1 - 5,"£11,592,397.00",1,37,342,COMPANY ACCOUNT/ CREDIT,NO,5,21,YES I WOULD,0,STAYED THE SAME,not applicable ,CEO/DIRECTOR,Lagos,4,COST,139130804
5/3/2026 08:25:00,LOGISTICS/TRANSPORT,200 +,6 - 20,"£4,906,447.00",1,40,354,MIX OF CASH AND CARD,NO,3,13,NO I WOULD NOT,0,INCREASED,not applicable ,Fleet Manager,Rivers,7,LACK OF AWARENESS,58713082
5/3/2026 08:38:00,Other,1 - 10 EMPLOYEES,51 - 100,"£12,283,051.00",2,27,323,MIX OF CASH AND CARD,YES,1,18,NO I WOULD NOT,0,STAYED THE SAME,Oct 2025,Fleet Manager,Lagos,3,COST,147236008
5/3/2026 09:31:00,OIL AND GAS,51 - 200 EMPLOYEES,6 - 20,"£1,648,032.00",0,58,210,MIX OF CASH AND CARD,PLANNING TO,2,15,YES I WOULD,0,INCREASED,not applicable ,CEO/DIRECTOR,Kaduna,13,NO PERCEIVED NEED,19379957
5/3/2026 10:36:00,LOGISTICS/TRANSPORT,51 - 200 EMPLOYEES,6 - 20,"£14,804,485.00",1,61,349,CASH ONLY,NO,2,13,ALREADY USING IT,6,INCREASED,not applicable ,CEO/DIRECTOR,Rivers,2,NO PERCEIVED NEED,178116070
5/3/2026 11:00:00,MANUFACTURING,1 - 10 EMPLOYEES,100 +,"£5,102,921.00",1,34,310,CASH ONLY,NO,1,9,YES I WOULD,0,INCREASED,not applicable ,CEO/DIRECTOR,Kaduna,1,TRUST AND SECURITY,61676578
5/3/2026 11:19:00,CONSTRUCTION,1 - 10 EMPLOYEES,21 - 50,"£18,135,587.00",6,60,310,COMPANY ACCOUNT/ CREDIT,PLANNING TO,5,3,ALREADY USING IT,20,INCREASED,not applicable ,CEO/DIRECTOR,Lagos,6,COST,218109514
5/3/2026 16:16:00,PUBLIC SECTOR,51 - 200 EMPLOYEES,21 - 50,"£10,547,865.00",0,59,333,MIX OF CASH AND CARD,NO,3,5,YES I WOULD,0,INCREASED,not applicable ,OPERATIONS MANAGER,Abuja,13,NO PERCEIVED NEED,126515094
5/3/2026 18:23:00,CONSTRUCTION,51 - 200 EMPLOYEES,6 - 20,"£18,271,149.00",0,31,334,MIX OF CASH AND CARD,NO,3,11,NOT SURE,0,INCREASED,not applicable ,Finance Manager,Abuja,9,NO PERCEIVED NEED,218960409
5/3/2026 18:33:00,CONSTRUCTION,200 +,21 - 50,"£13,858,966.00",4,33,49,COMPANY ACCOUNT/ CREDIT,NO,4,20,NO I WOULD NOT,0,INCREASED,not applicable ,CEO/DIRECTOR,Delta,4,NO PERCEIVED NEED,166674999
5/3/2026 19:10:00,OIL AND GAS,51 - 200 EMPLOYEES,21 - 50,"£5,277,255.00",2,58,375,CASH ONLY,YES,3,15,NOT SURE,0,DECREASED,Oct 2023,Fleet Manager,Ogun,5,NO PERCEIVED NEED,63458888
5/3/2026 19:38:00,MANUFACTURING,11 - 50 EMPLOYEES,100 +,"£21,706,558.00",0,51,36,FUEL CARD ONLY,YES,4,16,NO I WOULD NOT,0,DECREASED,Sep 2025,Fleet Manager,Rivers,2,LACK OF AWARENESS,260948433
5/3/2026 19:49:00,Other,200 +,6 - 20,"£10,368,226.00",5,29,178,MIX OF CASH AND CARD,YES,5,22,NOT SURE,0,INCREASED,May 2025,Fleet Manager,Ogun,5,COST,124390180
5/3/2026 21:15:00,MANUFACTURING,200 +,51 - 100,"£11,853,867.00",1,58,219,FUEL CARD ONLY,NO,3,20,NOT SURE,0,STAYED THE SAME,not applicable ,OPERATIONS MANAGER,Abuja,10,LACK OF AWARENESS,142195736
5/3/2026 21:21:00,LOGISTICS/TRANSPORT,11 - 50 EMPLOYEES,6 - 20,"£18,136,517.00",4,36,387,CASH ONLY,NO,4,10,NO I WOULD NOT,0,STAYED THE SAME,not applicable ,Finance Manager,Rivers,1,TRUST AND SECURITY,217478263
5/3/2026 22:19:00,LOGISTICS/TRANSPORT,11 - 50 EMPLOYEES,21 - 50,"£19,999,251.00",2,23,66,MIX OF CASH AND CARD,YES,1,11,NOT SURE,0,INCREASED,Jul 2024,CEO/DIRECTOR,Kaduna,12,COST,240304590
5/4/2026 00:08:00,LOGISTICS/TRANSPORT,1 - 10 EMPLOYEES,6 - 20,"£6,753,460.00",7,38,292,MIX OF CASH AND CARD,YES,2,20,NOT SURE,0,DECREASED,Oct 2022,Fleet Manager,Abuja,6,TRUST AND SECURITY,81150208
5/4/2026 00:15:00,PUBLIC SECTOR,11 - 50 EMPLOYEES,51 - 100,"£20,293,897.00",1,36,328,MIX OF CASH AND CARD,PLANNING TO,4,20,NOT SURE,0,INCREASED,not applicable ,OPERATIONS MANAGER,Oyo,1,LACK OF AWARENESS,243330348
5/4/2026 01:10:00,OIL AND GAS,11 - 50 EMPLOYEES,1 - 5,"£16,992,243.00",3,31,134,FUEL CARD ONLY,YES,4,2,NO I WOULD NOT,0,STAYED THE SAME,Jul 2024,OPERATIONS MANAGER,Abuja,11,LACK OF AWARENESS,204133700
5/4/2026 03:05:00,CONSTRUCTION,51 - 200 EMPLOYEES,21 - 50,"£13,254,610.00",0,50,188,CASH ONLY,NO,5,2,NO I WOULD NOT,0,STAYED THE SAME,not applicable ,Fleet Manager,Oyo,1,LACK OF AWARENESS,158975938
5/4/2026 03:28:00,LOGISTICS/TRANSPORT,51 - 200 EMPLOYEES,21 - 50,"£21,824,647.00",0,67,384,MIX OF CASH AND CARD,YES,4,5,NOT SURE,0,INCREASED,Jul 2023,Fleet Manager,Abuja,7,LACK OF AWARENESS,261776105
5/4/2026 05:13:00,OIL AND GAS,200 +,100 +,"£12,373,421.00",3,52,172,CASH ONLY,YES,4,19,YES I WOULD,0,INCREASED,Jul 2024,Finance Manager,Kaduna,10,NO PERCEIVED NEED,148614388
5/4/2026 05:55:00,MANUFACTURING,11 - 50 EMPLOYEES,21 - 50,"£14,107,917.00",2,64,260,MIX OF CASH AND CARD,PLANNING TO,5,18,NO I WOULD NOT,0,STAYED THE SAME,not applicable ,CEO/DIRECTOR,Kaduna,11,NO PERCEIVED NEED,169132483
5/4/2026 07:09:00,LOGISTICS/TRANSPORT,1 - 10 EMPLOYEES,6 - 20,"£20,343,240.00",3,32,341,FUEL CARD ONLY,PLANNING TO,2,10,ALREADY USING IT,23,STAYED THE SAME,not applicable ,Fleet Manager,Delta,1,LACK OF AWARENESS,244050927
5/4/2026 08:41:00,LOGISTICS/TRANSPORT,51 - 200 EMPLOYEES,100 +,"£14,468,574.00",1,41,27,CASH ONLY,NO,3,12,YES I WOULD,0,STAYED THE SAME,not applicable ,Finance Manager,Abuja,3,NO PERCEIVED NEED,173402290
5/4/2026 08:54:00,LOGISTICS/TRANSPORT,1 - 10 EMPLOYEES,21 - 50,"£12,136,919.00",4,56,26,COMPANY ACCOUNT/ CREDIT,NO,5,18,YES I WOULD,0,INCREASED,not applicable ,CEO/DIRECTOR,Ogun,6,NO PERCEIVED NEED,145305101
5/4/2026 10:49:00,MANUFACTURING,1 - 10 EMPLOYEES,6 - 20,"£24,760,613.00",4,48,324,COMPANY ACCOUNT/ CREDIT,YES,5,8,NO I WOULD NOT,0,INCREASED,May 2025,OPERATIONS MANAGER,Oyo,5,LACK OF AWARENESS,296876852
5/4/2026 10:58:00,MANUFACTURING,1 - 10 EMPLOYEES,1 - 5,"£7,934,903.00",1,50,92,MIX OF CASH AND CARD,YES,4,18,YES I WOULD,0,INCREASED,Nov 2025,Fleet Manager,Delta,1,NO PERCEIVED NEED,95170989
5/4/2026 11:09:00,CONSTRUCTION,11 - 50 EMPLOYEES,1 - 5,"£23,628,582.00",3,66,70,MIX OF CASH AND CARD,PLANNING TO,2,16,NO I WOULD NOT,0,INCREASED,not applicable ,Fleet Manager,Delta,14,LACK OF AWARENESS,283986367
5/4/2026 11:32:00,Other,1 - 10 EMPLOYEES,21 - 50,"£10,914,983.00",3,20,359,MIX OF CASH AND CARD,NO,5,8,YES I WOULD,0,INCREASED,not applicable ,Finance Manager,Lagos,5,TRUST AND SECURITY,131368704
5/4/2026 11:56:00,MANUFACTURING,11 - 50 EMPLOYEES,21 - 50,"£21,455,317.00",2,64,81,FUEL CARD ONLY,PLANNING TO,1,12,YES I WOULD,0,STAYED THE SAME,not applicable ,Finance Manager,Oyo,11,NO PERCEIVED NEED,257625013
5/4/2026 13:09:00,PUBLIC SECTOR,51 - 200 EMPLOYEES,6 - 20,"£13,464,642.00",1,35,69,COMPANY ACCOUNT/ CREDIT,NO,1,17,NOT SURE,0,INCREASED,not applicable ,Fleet Manager,Rivers,7,COST,161418443
5/4/2026 13:26:00,PUBLIC SECTOR,200 +,21 - 50,"£20,052,879.00",1,32,131,MIX OF CASH AND CARD,PLANNING TO,4,22,YES I WOULD,0,INCREASED,not applicable ,Finance Manager,Ogun,1,COST,240911974
5/4/2026 15:10:00,LOGISTICS/TRANSPORT,51 - 200 EMPLOYEES,1 - 5,"£8,983,505.00",0,27,329,MIX OF CASH AND CARD,NO,4,12,NO I WOULD NOT,0,INCREASED,not applicable ,Fleet Manager,Oyo,6,TRUST AND SECURITY,108070371
5/4/2026 15:54:00,CONSTRUCTION,51 - 200 EMPLOYEES,100 +,"£13,319,274.00",1,41,394,CASH ONLY,YES,5,12,NO I WOULD NOT,0,INCREASED,Mar 2023,Finance Manager,Lagos,13,NO PERCEIVED NEED,160172319
5/4/2026 17:06:00,Other,51 - 200 EMPLOYEES,51 - 100,"£23,648,703.00",3,63,41,CASH ONLY,NO,1,9,NOT SURE,0,STAYED THE SAME,not applicable ,Fleet Manager,Kano,6,LACK OF AWARENESS,284140795
5/4/2026 18:42:00,OIL AND GAS,11 - 50 EMPLOYEES,100 +,"£2,731,386.00",6,63,186,MIX OF CASH AND CARD,YES,2,19,NOT SURE,0,INCREASED,Sep 2022,CEO/DIRECTOR,Delta,3,NO PERCEIVED NEED,32377706
5/4/2026 19:52:00,OIL AND GAS,1 - 10 EMPLOYEES,21 - 50,"£18,730,150.00",7,36,20,MIX OF CASH AND CARD,NO,3,22,NOT SURE,0,INCREASED,not applicable ,OPERATIONS MANAGER,Ogun,8,COST,224464432
5/4/2026 20:33:00,LOGISTICS/TRANSPORT,11 - 50 EMPLOYEES,1 - 5,"£12,500,428.00",1,54,155,CASH ONLY,NO,4,7,NO I WOULD NOT,0,DECREASED,not applicable ,CEO/DIRECTOR,Abuja,14,NO PERCEIVED NEED,149675544
5/4/2026 22:09:00,LOGISTICS/TRANSPORT,11 - 50 EMPLOYEES,21 - 50,"£9,271,063.00",3,53,332,COMPANY ACCOUNT/ CREDIT,YES,5,22,NOT SURE,0,DECREASED,Dec 2022,OPERATIONS MANAGER,Delta,9,COST,111653877
5/4/2026 22:51:00,MANUFACTURING,1 - 10 EMPLOYEES,21 - 50,"£19,321,242.00",2,55,313,COMPANY ACCOUNT/ CREDIT,YES,3,23,YES I WOULD,0,STAYED THE SAME,Sep 2023,CEO/DIRECTOR,Abuja,11,NO PERCEIVED NEED,232082783
5/5/2026 00:26:00,LOGISTICS/TRANSPORT,1 - 10 EMPLOYEES,100 +,"£17,930,917.00",1,63,181,CASH ONLY,NO,3,14,NO I WOULD NOT,0,STAYED THE SAME,not applicable ,Finance Manager,Oyo,6,COST,215084937
5/5/2026 00:44:00,LOGISTICS/TRANSPORT,11 - 50 EMPLOYEES,51 - 100,"£24,294,243.00",1,34,96,COMPANY ACCOUNT/ CREDIT,NO,2,4,NOT SURE,0,DECREASED,not applicable ,CEO/DIRECTOR,Delta,14,LACK OF AWARENESS,291721117
5/5/2026 01:55:00,CONSTRUCTION,11 - 50 EMPLOYEES,1 - 5,"£9,491,863.00",3,58,187,MIX OF CASH AND CARD,PLANNING TO,3,15,YES I WOULD,0,STAYED THE SAME,not applicable ,Fleet Manager,Delta,4,TRUST AND SECURITY,114117102
5/5/2026 02:32:00,MANUFACTURING,51 - 200 EMPLOYEES,6 - 20,"£3,382,039.00",0,50,80,COMPANY ACCOUNT/ CREDIT,NO,5,5,NO I WOULD NOT,0,INCREASED,not applicable ,OPERATIONS MANAGER,Kano,12,COST,40684673
5/5/2026 03:18:00,PUBLIC SECTOR,51 - 200 EMPLOYEES,1 - 5,"£12,413,676.00",3,49,337,CASH ONLY,PLANNING TO,1,12,YES I WOULD,0,STAYED THE SAME,not applicable ,Finance Manager,Oyo,1,COST,148531301
5/5/2026 05:56:00,CONSTRUCTION,51 - 200 EMPLOYEES,6 - 20,"£8,585,233.00",1,40,120,COMPANY ACCOUNT/ CREDIT,NO,3,21,NOT SURE,0,INCREASED,not applicable ,OPERATIONS MANAGER,Rivers,6,LACK OF AWARENESS,103289497
5/5/2026 07:02:00,LOGISTICS/TRANSPORT,11 - 50 EMPLOYEES,51 - 100,"£23,498,705.00",1,44,367,CASH ONLY,YES,1,17,YES I WOULD,0,DECREASED,Jul 2024,Fleet Manager,Delta,8,LACK OF AWARENESS,282081123
5/5/2026 08:47:00,MANUFACTURING,11 - 50 EMPLOYEES,51 - 100,"£6,316,417.00",2,54,186,MIX OF CASH AND CARD,NO,4,20,NO I WOULD NOT,0,INCREASED,not applicable ,OPERATIONS MANAGER,Oyo,7,COST,75536844
5/5/2026 10:28:00,OIL AND GAS,11 - 50 EMPLOYEES,6 - 20,"£4,560,830.00",2,29,184,MIX OF CASH AND CARD,NO,2,10,NOT SURE,0,STAYED THE SAME,not applicable ,Fleet Manager,Rivers,4,TRUST AND SECURITY,54752452
5/5/2026 10:34:00,OIL AND GAS,51 - 200 EMPLOYEES,1 - 5,"£8,137,542.00",0,31,31,MIX OF CASH AND CARD,NO,2,18,NO I WOULD NOT,0,INCREASED,not applicable ,OPERATIONS MANAGER,Oyo,6,NO PERCEIVED NEED,97915036
5/5/2026 13:47:00,LOGISTICS/TRANSPORT,1 - 10 EMPLOYEES,1 - 5,"£15,849,875.00",3,22,215,FUEL CARD ONLY,YES,3,8,YES I WOULD,0,STAYED THE SAME,Jul 2025,OPERATIONS MANAGER,Abuja,12,TRUST AND SECURITY,190136579
5/5/2026 15:15:00,MANUFACTURING,11 - 50 EMPLOYEES,21 - 50,"£17,814,157.00",1,37,383,COMPANY ACCOUNT/ CREDIT,NO,3,14,YES I WOULD,0,INCREASED,not applicable ,OPERATIONS MANAGER,Kaduna,14,LACK OF AWARENESS,213893337
5/5/2026 17:10:00,LOGISTICS/TRANSPORT,1 - 10 EMPLOYEES,21 - 50,"£3,036,901.00",1,65,36,FUEL CARD ONLY,PLANNING TO,3,22,NOT SURE,0,INCREASED,not applicable ,CEO/DIRECTOR,Abuja,2,COST,36646919
5/5/2026 17:27:00,MANUFACTURING,11 - 50 EMPLOYEES,6 - 20,"£14,580,352.00",3,43,193,CASH ONLY,NO,1,24,YES I WOULD,0,INCREASED,not applicable ,Fleet Manager,Rivers state ,12,COST,175026739
5/5/2026 17:32:00,LOGISTICS/TRANSPORT,11 - 50 EMPLOYEES,1 - 5,"£12,111,344.00",1,52,159,FUEL CARD ONLY,YES,5,13,YES I WOULD,0,INCREASED,Feb 2024,OPERATIONS MANAGER,Rivers,11,COST,145234542
5/5/2026 18:42:00,LOGISTICS/TRANSPORT,11 - 50 EMPLOYEES,21 - 50,"£14,813,740.00",2,62,367,CASH ONLY,YES,4,19,ALREADY USING IT,9,STAYED THE SAME,Mar 2025,Fleet Manager,Oyo,2,LACK OF AWARENESS,177610587
5/5/2026 22:38:00,LOGISTICS/TRANSPORT,51 - 200 EMPLOYEES,51 - 100,"£15,079,472.00",1,37,23,COMPANY ACCOUNT/ CREDIT,NO,3,15,NO I WOULD NOT,0,INCREASED,not applicable ,Fleet Manager,Lagos,6,TRUST AND SECURITY,180818265
5/6/2026 01:07:00,OIL AND GAS,1 - 10 EMPLOYEES,1 - 5,"£1,004,488.00",2,35,181,FUEL CARD ONLY,NO,5,5,ALREADY USING IT,22,INCREASED,not applicable ,OPERATIONS MANAGER,Delta,11,TRUST AND SECURITY,12200157
5/6/2026 01:33:00,MANUFACTURING,11 - 50 EMPLOYEES,51 - 100,"£18,713,154.00",0,31,36,MIX OF CASH AND CARD,NO,4,15,NOT SURE,0,STAYED THE SAME,not applicable ,OPERATIONS MANAGER,Kano,6,COST,224521598
5/6/2026 02:33:00,LOGISTICS/TRANSPORT,200 +,1 - 5,"£3,878,145.00",4,33,151,MIX OF CASH AND CARD,NO,3,19,YES I WOULD,0,STAYED THE SAME,not applicable ,Finance Manager,Kaduna state ,12,TRUST AND SECURITY,47016260
5/6/2026 02:53:00,PUBLIC SECTOR,11 - 50 EMPLOYEES,100 +,"£16,091,747.00",2,63,262,CASH ONLY,NO,3,5,NOT SURE,0,DECREASED,not applicable ,CEO/DIRECTOR,Abuja,8,LACK OF AWARENESS,193328257
5/6/2026 06:30:00,MANUFACTURING,51 - 200 EMPLOYEES,51 - 100,"£20,967,825.00",2,67,338,COMPANY ACCOUNT/ CREDIT,YES,4,14,NOT SURE,0,STAYED THE SAME,Sep 2022,CEO/DIRECTOR,Kano,14,TRUST AND SECURITY,251859165
5/6/2026 07:55:00,LOGISTICS/TRANSPORT,11 - 50 EMPLOYEES,100 +,"£22,089,789.00",5,25,186,MIX OF CASH AND CARD,YES,1,6,YES I WOULD,0,INCREASED,Nov 2022,Finance Manager,Rivers,12,TRUST AND SECURITY,265179281
5/6/2026 08:23:00,LOGISTICS/TRANSPORT,11 - 50 EMPLOYEES,51 - 100,"£24,144,953.00",5,23,49,CASH ONLY,PLANNING TO,4,24,ALREADY USING IT,7,STAYED THE SAME,not applicable ,CEO/DIRECTOR,ILLORIN ,12,TRUST AND SECURITY,289448816
5/6/2026 09:07:00,LOGISTICS/TRANSPORT,51 - 200 EMPLOYEES,21 - 50,"£22,742,572.00",4,32,141,CASH ONLY,NO,4,3,NO I WOULD NOT,0,INCREASED,not applicable ,OPERATIONS MANAGER,Kaduna,7,LACK OF AWARENESS,273323957
5/6/2026 11:08:00,LOGISTICS/TRANSPORT,11 - 50 EMPLOYEES,21 - 50,"£13,789,170.00",3,68,278,MIX OF CASH AND CARD,YES,2,24,YES I WOULD,0,INCREASED,Aug 2024,OPERATIONS MANAGER,benin,3,NO PERCEIVED NEED,165410235
5/6/2026 12:05:00,MANUFACTURING,1 - 10 EMPLOYEES,21 - 50,"£2,153,318.00",1,35,110,FUEL CARD ONLY,NO,5,22,NO I WOULD NOT,0,STAYED THE SAME,not applicable ,Finance Manager,uyo,7,LACK OF AWARENESS,25649565
5/6/2026 13:22:00,LOGISTICS/TRANSPORT,11 - 50 EMPLOYEES,6 - 20,"£5,985,266.00",3,22,350,CASH ONLY,YES,3,3,NOT SURE,0,STAYED THE SAME,Jan 2022,OPERATIONS MANAGER,PORT HARCOURT ,9,TRUST AND SECURITY,71575917
5/6/2026 14:45:00,PUBLIC SECTOR,11 - 50 EMPLOYEES,1 - 5,"£2,758,602.00",1,58,130,FUEL CARD ONLY,NO,2,20,ALREADY USING IT,24,INCREASED,not applicable ,Fleet Manager,Ogun,2,COST,33354800
5/6/2026 15:36:00,CONSTRUCTION,1 - 10 EMPLOYEES,51 - 100,"£21,182,441.00",0,62,393,COMPANY ACCOUNT/ CREDIT,NO,3,2,YES I WOULD,0,STAYED THE SAME,not applicable ,Finance Manager,Ogun,4,NO PERCEIVED NEED,253857912
5/6/2026 16:40:00,OIL AND GAS,11 - 50 EMPLOYEES,6 - 20,"£5,584,352.00",0,66,90,CASH ONLY,NO,2,7,NO I WOULD NOT,0,INCREASED,not applicable ,Finance Manager,Abuja,4,TRUST AND SECURITY,67245897
5/6/2026 16:56:00,CONSTRUCTION,11 - 50 EMPLOYEES,21 - 50,"£23,825,273.00",6,20,371,FUEL CARD ONLY,YES,4,10,YES I WOULD,0,STAYED THE SAME,Aug 2024,CEO/DIRECTOR,KANO STATE ,13,NO PERCEIVED NEED,286356239
5/6/2026 17:11:00,LOGISTICS/TRANSPORT,200 +,6 - 20,"£4,062,976.00",2,36,198,CASH ONLY,PLANNING TO,2,13,YES I WOULD,0,STAYED THE SAME,not applicable ,OPERATIONS MANAGER,Ogun,1,LACK OF AWARENESS,48374200
5/6/2026 20:04:00,LOGISTICS/TRANSPORT,200 +,6 - 20,"£23,878,228.00",1,60,224,MIX OF CASH AND CARD,PLANNING TO,3,21,NOT SURE,0,INCREASED,not applicable ,Finance Manager,Kaduna,5,COST,286488680
5/6/2026 21:23:00,MANUFACTURING,51 - 200 EMPLOYEES,6 - 20,"£5,431,858.00",5,57,154,COMPANY ACCOUNT/ CREDIT,PLANNING TO,3,6,NO I WOULD NOT,0,INCREASED,not applicable ,CEO/DIRECTOR,Abuja,14,NO PERCEIVED NEED,65519797
5/6/2026 21:54:00,OIL AND GAS,11 - 50 EMPLOYEES,21 - 50,"£7,451,696.00",2,45,247,CASH ONLY,NO,3,23,YES I WOULD,0,INCREASED,not applicable ,CEO/DIRECTOR,OGUN STATE ,6,NO PERCEIVED NEED,89548884
5/7/2026 00:14:00,LOGISTICS/TRANSPORT,200 +,100 +,"£18,059,321.00",1,23,254,FUEL CARD ONLY,NO,5,5,YES I WOULD,0,STAYED THE SAME,not applicable ,CEO/DIRECTOR,Ogun,2,NO PERCEIVED NEED,216910650
5/7/2026 01:56:00,MANUFACTURING,1 - 10 EMPLOYEES,1 - 5,"£22,383,993.00",1,40,337,MIX OF CASH AND CARD,PLANNING TO,1,8,YES I WOULD,0,INCREASED,not applicable ,Fleet Manager,Oyo,3,NO PERCEIVED NEED,268506131
5/7/2026 02:13:00,OIL AND GAS,51 - 200 EMPLOYEES,6 - 20,"£22,287,650.00",2,32,153,FUEL CARD ONLY,NO,4,14,YES I WOULD,0,DECREASED,not applicable ,OPERATIONS MANAGER,Lagos,9,TRUST AND SECURITY,267020236
5/7/2026 05:17:00,Other,200 +,6 - 20,"£12,301,230.00",2,38,156,MIX OF CASH AND CARD,NO,1,6,NOT SURE,0,DECREASED,not applicable ,Finance Manager,IBADAN,7,TRUST AND SECURITY,147191588
5/7/2026 07:24:00,CONSTRUCTION,11 - 50 EMPLOYEES,21 - 50,"£11,358,344.00",2,24,270,FUEL CARD ONLY,PLANNING TO,2,4,ALREADY USING IT,11,INCREASED,not applicable ,CEO/DIRECTOR,Oyo,11,LACK OF AWARENESS,136303639
5/7/2026 07:50:00,LOGISTICS/TRANSPORT,1 - 10 EMPLOYEES,6 - 20,"£24,568,392.00",0,65,50,MIX OF CASH AND CARD,NO,4,12,YES I WOULD,0,INCREASED,not applicable ,OPERATIONS MANAGER,Abuja,4,COST,295158453
5/7/2026 09:16:00,MANUFACTURING,51 - 200 EMPLOYEES,6 - 20,"£12,958,870.00",3,32,160,MIX OF CASH AND CARD,YES,2,10,NOT SURE,0,INCREASED,Jan 2023,Fleet Manager,Rivers,2,TRUST AND SECURITY,155829779
5/7/2026 11:05:00,MANUFACTURING,11 - 50 EMPLOYEES,1 - 5,"£21,207,326.00",2,68,355,MIX OF CASH AND CARD,YES,5,13,YES I WOULD,0,STAYED THE SAME,Sep 2025,Fleet Manager,Lagos,9,NO PERCEIVED NEED,254374173
5/7/2026 11:26:00,Other,11 - 50 EMPLOYEES,51 - 100,"£23,434,355.00",0,64,117,COMPANY ACCOUNT/ CREDIT,NO,1,2,NOT SURE,0,INCREASED,not applicable ,CEO/DIRECTOR,Rivers,9,COST,281634675
5/7/2026 13:09:00,LOGISTICS/TRANSPORT,11 - 50 EMPLOYEES,6 - 20,"£24,129,853.00",3,59,385,COMPANY ACCOUNT/ CREDIT,NO,5,2,NOT SURE,0,DECREASED,not applicable ,Fleet Manager,Rivers,1,TRUST AND SECURITY,289825534
5/7/2026 19:06:00,LOGISTICS/TRANSPORT,11 - 50 EMPLOYEES,6 - 20,"£11,246,644.00",1,54,119,MIX OF CASH AND CARD,NO,2,13,NO I WOULD NOT,0,STAYED THE SAME,not applicable ,OPERATIONS MANAGER,Ogun State ,4,NO PERCEIVED NEED,134666884
5/7/2026 19:25:00,CONSTRUCTION,11 - 50 EMPLOYEES,6 - 20,"£1,796,253.00",1,63,231,MIX OF CASH AND CARD,NO,5,22,NOT SURE,0,STAYED THE SAME,not applicable ,CEO/DIRECTOR,Rivers,14,COST,21424265
5/7/2026 19:46:00,LOGISTICS/TRANSPORT,1 - 10 EMPLOYEES,21 - 50,"£9,273,658.00",0,23,313,MIX OF CASH AND CARD,NO,4,22,NOT SURE,0,INCREASED,not applicable ,OPERATIONS MANAGER,Oyo,9,NO PERCEIVED NEED,110907368
5/7/2026 20:23:00,PUBLIC SECTOR,11 - 50 EMPLOYEES,21 - 50,"£15,235,997.00",0,44,183,FUEL CARD ONLY,PLANNING TO,1,12,YES I WOULD,0,STAYED THE SAME,not applicable ,OPERATIONS MANAGER,OGUN STATE ,8,LACK OF AWARENESS,183095087
5/7/2026 21:10:00,CONSTRUCTION,51 - 200 EMPLOYEES,6 - 20,"£17,665,604.00",2,42,243,MIX OF CASH AND CARD,YES,5,9,NO I WOULD NOT,0,STAYED THE SAME,Jan 2023,Finance Manager,Kaduna,2,TRUST AND SECURITY,211926411
5/8/2026 00:30:00,LOGISTICS/TRANSPORT,1 - 10 EMPLOYEES,51 - 100,"£23,118,049.00",5,36,50,MIX OF CASH AND CARD,YES,2,17,NOT SURE,0,INCREASED,Aug 2024,Fleet Manager,Delta,14,NO PERCEIVED NEED,277412404
5/8/2026 01:15:00,LOGISTICS/TRANSPORT,11 - 50 EMPLOYEES,1 - 5,"£16,513,492.00",2,43,315,MIX OF CASH AND CARD,YES,3,15,NOT SURE,0,DECREASED,Jan 2022,Finance Manager,Rivers,8,LACK OF AWARENESS,198152861
5/8/2026 01:47:00,OIL AND GAS,51 - 200 EMPLOYEES,6 - 20,"£1,495,502.00",2,48,277,FUEL CARD ONLY,YES,2,20,YES I WOULD,0,INCREASED,Mar 2024,Fleet Manager,Oyo,10,NO PERCEIVED NEED,18434452
5/8/2026 02:23:00,OIL AND GAS,11 - 50 EMPLOYEES,51 - 100,"£2,073,154.00",2,54,62,CASH ONLY,NO,5,14,YES I WOULD,0,INCREASED,not applicable ,OPERATIONS MANAGER,Abuja,5,COST,24733707
5/8/2026 07:37:00,MANUFACTURING,11 - 50 EMPLOYEES,6 - 20,"£1,585,350.00",1,38,277,CASH ONLY,PLANNING TO,1,17,YES I WOULD,0,INCREASED,not applicable ,Finance Manager,Kaduna,14,LACK OF AWARENESS,18941810
5/8/2026 07:38:00,LOGISTICS/TRANSPORT,11 - 50 EMPLOYEES,21 - 50,"£15,744,563.00",1,61,42,COMPANY ACCOUNT/ CREDIT,NO,3,17,YES I WOULD,0,STAYED THE SAME,not applicable ,CEO/DIRECTOR,Kano,13,NO PERCEIVED NEED,189288770
5/8/2026 08:00:00,LOGISTICS/TRANSPORT,11 - 50 EMPLOYEES,21 - 50,"£10,416,757.00",1,39,90,MIX OF CASH AND CARD,PLANNING TO,5,17,YES I WOULD,0,INCREASED,not applicable ,OPERATIONS MANAGER,Oyo,5,NO PERCEIVED NEED,124622273
5/8/2026 09:26:00,Other,11 - 50 EMPLOYEES,21 - 50,"£13,079,565.00",3,32,194,MIX OF CASH AND CARD,NO,3,22,NOT SURE,0,INCREASED,not applicable ,Finance Manager,Abuja,14,NO PERCEIVED NEED,157178406
5/8/2026 13:33:00,LOGISTICS/TRANSPORT,1 - 10 EMPLOYEES,51 - 100,"£8,985,174.00",3,41,260,MIX OF CASH AND CARD,YES,5,13,YES I WOULD,0,DECREASED,Apr 2024,OPERATIONS MANAGER,Abuja,12,LACK OF AWARENESS,107344368
5/8/2026 14:03:00,LOGISTICS/TRANSPORT,11 - 50 EMPLOYEES,21 - 50,"£7,814,573.00",0,61,308,MIX OF CASH AND CARD,YES,1,24,YES I WOULD,0,INCREASED,Aug 2022,Fleet Manager,Rivers,7,TRUST AND SECURITY,94153587
5/8/2026 17:06:00,OIL AND GAS,51 - 200 EMPLOYEES,6 - 20,"£12,399,704.00",2,57,382,CASH ONLY,NO,3,21,YES I WOULD,0,INCREASED,not applicable ,Fleet Manager,Lagos,14,LACK OF AWARENESS,148340912
5/8/2026 17:59:00,OIL AND GAS,51 - 200 EMPLOYEES,21 - 50,"£1,396,856.00",2,66,149,MIX OF CASH AND CARD,NO,2,7,ALREADY USING IT,16,INCREASED,not applicable ,Finance Manager,Delta,6,LACK OF AWARENESS,16939076
5/8/2026 19:51:00,LOGISTICS/TRANSPORT,11 - 50 EMPLOYEES,6 - 20,"£1,821,864.00",0,54,380,MIX OF CASH AND CARD,NO,5,6,NOT SURE,0,INCREASED,not applicable ,Finance Manager,Kaduna,9,LACK OF AWARENESS,21519574
5/8/2026 20:23:00,LOGISTICS/TRANSPORT,51 - 200 EMPLOYEES,21 - 50,"£19,134,882.00",1,67,371,MIX OF CASH AND CARD,NO,1,21,YES I WOULD,0,DECREASED,not applicable ,CEO/DIRECTOR,Kaduna,9,LACK OF AWARENESS,229845221
5/8/2026 23:16:00,PUBLIC SECTOR,1 - 10 EMPLOYEES,1 - 5,"£18,751,121.00",2,43,293,FUEL CARD ONLY,YES,3,18,NOT SURE,0,DECREASED,Feb 2023,OPERATIONS MANAGER,Abuja,4,TRUST AND SECURITY,225476952
5/9/2026 00:23:00,MANUFACTURING,51 - 200 EMPLOYEES,6 - 20,"£21,707,006.00",2,48,320,CASH ONLY,NO,1,6,NOT SURE,0,INCREASED,not applicable ,CEO/DIRECTOR,Lagos,7,LACK OF AWARENESS,260738223
5/9/2026 00:34:00,MANUFACTURING,11 - 50 EMPLOYEES,1 - 5,"£7,488,907.00",1,37,148,MIX OF CASH AND CARD,YES,1,14,ALREADY USING IT,20,INCREASED,Apr 2022,Finance Manager,Delta,2,TRUST AND SECURITY,89725141
5/9/2026 01:42:00,CONSTRUCTION,1 - 10 EMPLOYEES,51 - 100,"£20,906,308.00",0,20,244,COMPANY ACCOUNT/ CREDIT,PLANNING TO,3,15,YES I WOULD,0,STAYED THE SAME,not applicable ,CEO/DIRECTOR,Lagos,7,NO PERCEIVED NEED,251017498
5/9/2026 02:21:00,Other,51 - 200 EMPLOYEES,6 - 20,"£20,472,907.00",1,54,246,MIX OF CASH AND CARD,PLANNING TO,5,6,YES I WOULD,0,STAYED THE SAME,not applicable ,CEO/DIRECTOR,Kaduna,7,TRUST AND SECURITY,245982335
5/9/2026 02:32:00,Other,51 - 200 EMPLOYEES,1 - 5,"£18,753,580.00",2,46,54,MIX OF CASH AND CARD,NO,5,13,YES I WOULD,0,STAYED THE SAME,not applicable ,Fleet Manager,Rivers,4,NO PERCEIVED NEED,225414499
5/9/2026 03:25:00,MANUFACTURING,51 - 200 EMPLOYEES,6 - 20,"£7,882,658.00",0,68,228,MIX OF CASH AND CARD,PLANNING TO,1,12,YES I WOULD,0,INCREASED,not applicable ,OPERATIONS MANAGER,Oyo,13,LACK OF AWARENESS,94661884
5/9/2026 03:44:00,LOGISTICS/TRANSPORT,200 +,21 - 50,"£16,318,883.00",2,48,160,CASH ONLY,NO,5,5,NOT SURE,0,STAYED THE SAME,not applicable ,Finance Manager,Abuja,7,COST,195419847
5/9/2026 05:37:00,PUBLIC SECTOR,51 - 200 EMPLOYEES,21 - 50,"£13,135,701.00",5,52,361,MIX OF CASH AND CARD,NO,2,21,NOT SURE,0,STAYED THE SAME,not applicable ,OPERATIONS MANAGER,Delta,5,COST,157524293
5/9/2026 09:08:00,OIL AND GAS,51 - 200 EMPLOYEES,21 - 50,"£9,002,250.00",0,47,367,MIX OF CASH AND CARD,PLANNING TO,1,12,YES I WOULD,0,INCREASED,not applicable ,OPERATIONS MANAGER,Rivers,14,COST,108430622
5/9/2026 12:47:00,OIL AND GAS,200 +,6 - 20,"£4,196,585.00",3,31,96,COMPANY ACCOUNT/ CREDIT,NO,4,13,YES I WOULD,0,STAYED THE SAME,not applicable ,Fleet Manager,ZARIA ,7,LACK OF AWARENESS,50536318
5/9/2026 14:25:00,OIL AND GAS,51 - 200 EMPLOYEES,21 - 50,"£6,368,454.00",2,51,302,CASH ONLY,YES,4,23,NO I WOULD NOT,0,STAYED THE SAME,Mar 2025,OPERATIONS MANAGER,Lagos,9,NO PERCEIVED NEED,76722071
5/9/2026 14:53:00,CONSTRUCTION,11 - 50 EMPLOYEES,51 - 100,"£7,204,402.00",1,64,34,CASH ONLY,YES,5,21,YES I WOULD,0,STAYED THE SAME,Jun 2022,OPERATIONS MANAGER,Ogun,2,LACK OF AWARENESS,86330761
5/9/2026 15:53:00,LOGISTICS/TRANSPORT,200 +,21 - 50,"£15,064,055.00",1,69,70,MIX OF CASH AND CARD,NO,5,23,NO I WOULD NOT,0,INCREASED,not applicable ,OPERATIONS MANAGER,KOGI STATE ,4,COST,180630375
5/9/2026 17:02:00,CONSTRUCTION,1 - 10 EMPLOYEES,51 - 100,"£14,999,264.00",1,50,396,MIX OF CASH AND CARD,NO,5,24,YES I WOULD,0,STAYED THE SAME,not applicable ,Fleet Manager,Delta,7,NO PERCEIVED NEED,179883900
5/9/2026 21:08:00,Other,1 - 10 EMPLOYEES,6 - 20,"£3,804,585.00",0,27,92,MIX OF CASH AND CARD,NO,3,13,NO I WOULD NOT,0,STAYED THE SAME,not applicable ,OPERATIONS MANAGER,Rivers,7,NO PERCEIVED NEED,45777495
5/9/2026 22:53:00,OIL AND GAS,1 - 10 EMPLOYEES,100 +,"£13,373,064.00",4,31,102,CASH ONLY,NO,5,20,ALREADY USING IT,5,INCREASED,not applicable ,OPERATIONS MANAGER,Oyo,6,LACK OF AWARENESS,160565023
5/9/2026 23:07:00,LOGISTICS/TRANSPORT,1 - 10 EMPLOYEES,6 - 20,"£18,547,104.00",0,53,187,FUEL CARD ONLY,NO,5,17,YES I WOULD,0,INCREASED,not applicable ,Fleet Manager,Ogun,11,COST,222192294
5/9/2026 23:15:00,Other,51 - 200 EMPLOYEES,6 - 20,"£11,105,909.00",1,51,68,FUEL CARD ONLY,YES,5,6,YES I WOULD,0,INCREASED,Jul 2023,CEO/DIRECTOR,Oyo,11,COST,133093820
5/9/2026 23:55:00,MANUFACTURING,1 - 10 EMPLOYEES,21 - 50,"£4,557,277.00",2,52,260,CASH ONLY,YES,1,13,YES I WOULD,0,INCREASED,Mar 2022,Fleet Manager,BENIN,2,TRUST AND SECURITY,55031811
